year,county,state_n,Dl_vloans_b,inter_bra,w1,Dl_hpi
1994,1001,1,0.270247626798094,0,0.975311991297105,0.00317608995182361
1995,1001,1,-0.0384270453327815,0,0.975311991297105,0.0489121311581968
1996,1001,1,0.161633321120629,0,0.975311991297105,0.0582032051959214
1997,1001,1,0.0565231540117619,0,0.975311991297105,0.0443659955413427
1998,1001,1,0.0342358696525942,1,0.975311991297105,0.0470915915393135
1999,1001,1,0.0487191462567491,1,0.975311991297105,0.00628021066328088
2000,1001,1,-0.0346175781714138,1,0.975311991297105,0.0188025786326715
2001,1001,1,-0.0109656730833922,1,0.975311991297105,0.0688628096560064
2002,1001,1,0.121278315345421,1,0.975311991297105,0.0605764326397482
2003,1001,1,0.202691102251061,1,0.975311991297105,0.024042501851576
2004,1001,1,0.0884355513221475,1,0.975311991297105,0.0245395351341333
2005,1001,1,-0.0354692722696708,1,0.975311991297105,0.12878626291836
1994,1007,1,-0.101782694309943,0,0.975311991297105,0.0583241638998677
1995,1007,1,1.65368261423186,0,0.975311991297105,0.0481099627129851
1996,1007,1,2.15377321155786,0,0.975311991297105,0.104394351205988
1997,1007,1,0.0376130448413257,0,0.975311991297105,0.0386577497508647
1998,1007,1,0.454481542218602,1,0.975311991297105,0.031090561399453
1999,1007,1,0.586852521910322,1,0.975311991297105,0.0327740407066282
2000,1007,1,-0.0521071257801165,1,0.975311991297105,-0.0187348481876635
2001,1007,1,-0.356553232678262,1,0.975311991297105,0.0528861976617865
2002,1007,1,-0.0115608224010764,1,0.975311991297105,0.0263262641449549
2003,1007,1,0.295076010425467,1,0.975311991297105,-0.00145696019141539
2004,1007,1,-0.0338699456136364,1,0.975311991297105,0.0633390508219636
2005,1007,1,0.201675821690104,1,0.975311991297105,0.0750174452125911
1994,1009,1,0.464160564980507,0,0.975311991297105,0.0550332869000449
1995,1009,1,-0.0358090749528497,0,0.975311991297105,0.0453458978288337
1996,1009,1,0.258720513459194,0,0.975311991297105,0.102633372931598
1997,1009,1,0.355589101302437,0,0.975311991297105,0.0380627261474258
1998,1009,1,0.0847585124571708,1,0.975311991297105,0.0312313011511636
1999,1009,1,0.407778973667494,1,0.975311991297105,0.0343676594081455
2000,1009,1,0.0658516822723048,1,0.975311991297105,-0.0156221637857028
2001,1009,1,-0.250248006026165,1,0.975311991297105,0.0565077204230189
2002,1009,1,0.113180322817678,1,0.975311991297105,0.0295107123538712
2003,1009,1,0.186768197859251,1,0.975311991297105,0.00046289915060882
2004,1009,1,0.0297728667995898,1,0.975311991297105,0.0614791263624186
2005,1009,1,0.0383044835885809,1,0.975311991297105,0.0751830622233456
1994,1015,1,0.280577473521818,0,0.975311991297105,0.0318843543784251
1995,1015,1,-0.179884567091602,0,0.975311991297105,0.00821594843009077
1996,1015,1,0.212999706520227,0,0.975311991297105,0.0431744302887411
1997,1015,1,-0.0865679339215077,0,0.975311991297105,0.0904371179487899
1998,1015,1,0.35323713073552,1,0.975311991297105,0.066913231910573
1999,1015,1,0.107568198648266,1,0.975311991297105,0.0114869410279805
2000,1015,1,-0.165493131962041,1,0.975311991297105,0.0081432265380732
2001,1015,1,-0.0455734702452233,1,0.975311991297105,0.0516794530045566
2002,1015,1,0.235097187496217,1,0.975311991297105,0.0562138795951119
2003,1015,1,0.192573900323655,1,0.975311991297105,0.0521250840384449
2004,1015,1,0.174514652010659,1,0.975311991297105,0.0196606290480315
2005,1015,1,0.0852813127789052,1,0.975311991297105,0.0173805863301926
1994,1021,1,-0.398833155804414,0,0.975311991297105,0.0548568449602236
1995,1021,1,1.25195325185194,0,0.975311991297105,0.0454348236905142
1996,1021,1,1.28358547282189,0,0.975311991297105,0.103222997934116
1997,1021,1,0.772447311804653,0,0.975311991297105,0.0384796850044191
1998,1021,1,0.0889529995011014,1,0.975311991297105,0.0315270770208649
1999,1021,1,0.648742832701906,1,0.975311991297105,0.0376335770365595
2000,1021,1,-0.0293754146761938,1,0.975311991297105,-0.0108399467073754
2001,1021,1,-0.158772540377205,1,0.975311991297105,0.0580632580078158
2002,1021,1,0.192870601584868,1,0.975311991297105,0.027220071781688
2003,1021,1,0.0407716713418331,1,0.975311991297105,-0.00238093233097025
2004,1021,1,0.239258913347586,1,0.975311991297105,0.0606012594314187
2005,1021,1,0.087944635129622,1,0.975311991297105,0.0732528697411725
1994,1033,1,0.365824928827854,0,0.975311991297105,0.0310010202702671
1995,1033,1,0.148019452772322,0,0.975311991297105,0.0493909449786658
1996,1033,1,0.22982810600425,0,0.975311991297105,0.0324337996347843
1997,1033,1,0.0844920674586369,0,0.975311991297105,0.034162952813082
1998,1033,1,0.0912395465002138,1,0.975311991297105,0.0520706181651347
1999,1033,1,0.174951127100304,1,0.975311991297105,0.015021228048445
2000,1033,1,-0.310480923986251,1,0.975311991297105,-0.033551912004258
2001,1033,1,-0.0818525741316361,1,0.975311991297105,0.052436355868295
2002,1033,1,0.441266288819985,1,0.975311991297105,0.0312839242605945
2003,1033,1,-0.116665418493962,1,0.975311991297105,0.0379727710857605
2004,1033,1,0.10994423455098,1,0.975311991297105,0.0174148891171981
2005,1033,1,-0.0660711952567485,1,0.975311991297105,0.00723127977881255
1994,1051,1,0.422684313345167,0,0.975311991297105,0.0118373610460925
1995,1051,1,-0.0894820242033578,0,0.975311991297105,0.0557961000649803
1996,1051,1,0.207393040958092,0,0.975311991297105,0.063347437072232
1997,1051,1,0.142153614390287,0,0.975311991297105,0.0463975932052581
1998,1051,1,0.117820988769113,1,0.975311991297105,0.0470899881587865
1999,1051,1,0.035122030241233,1,0.975311991297105,0.00479427436849544
2000,1051,1,-0.0234904822044104,1,0.975311991297105,0.0147275628336656
2001,1051,1,-0.0790511756087309,1,0.975311991297105,0.0642559608264595
2002,1051,1,0.235782310502486,1,0.975311991297105,0.0558647290644325
2003,1051,1,0.168577884965512,1,0.975311991297105,0.0196788737575231
2004,1051,1,0.320288673494085,1,0.975311991297105,0.0230655528916541
2005,1051,1,-0.0654271333168541,1,0.975311991297105,0.130236526771882
1994,1055,1,0.0828592224918054,0,0.975311991297105,0.0892264323096939
1995,1055,1,-0.0682062862985529,0,0.975311991297105,0.0389154157360965
1996,1055,1,0.0188701543877627,0,0.975311991297105,0.0798469186551545
1997,1055,1,0.180168174333463,0,0.975311991297105,0.0700052222734486
1998,1055,1,-0.0359012915065442,1,0.975311991297105,0.0944070326958357
1999,1055,1,0.196425085773537,1,0.975311991297105,-0.00146267704653713
2000,1055,1,-0.00414959099583889,1,0.975311991297105,0.0275607792744284
2001,1055,1,-0.0164925633994404,1,0.975311991297105,0.0412102686466627
2002,1055,1,0.341295493371003,1,0.975311991297105,0.0562746986034535
2003,1055,1,0.0335889330455306,1,0.975311991297105,0.0594910905658939
2004,1055,1,-0.110277749693241,1,0.975311991297105,0.0268545683669874
2005,1055,1,0.00126964301025723,1,0.975311991297105,0.0140117293492015
1994,1061,1,,0,0.975311991297105,0.0283463192783033
1995,1061,1,-1.07077748967467,0,0.975311991297105,0.031675923228053
1996,1061,1,2.51769647261099,0,0.975311991297105,0.0509855398607537
1997,1061,1,-0.341608745584089,0,0.975311991297105,0.063990114943612
1998,1061,1,1.63552978657296,1,0.975311991297105,0.0738206403129427
1999,1061,1,0.0835584923577315,1,0.975311991297105,0.00423693533542036
2000,1061,1,-0.0848600674471172,1,0.975311991297105,-0.00678776615653209
2001,1061,1,-0.312383367896554,1,0.975311991297105,0.0331577523219515
2002,1061,1,0.116476854861522,1,0.975311991297105,0.0264948627248591
2003,1061,1,0.237488833177913,1,0.975311991297105,0.0476130824996863
2004,1061,1,0.477440921388563,1,0.975311991297105,0.0290924184649937
2005,1061,1,0.219945138476904,1,0.975311991297105,0.0346045591723794
1994,1063,1,1.37431817007318,0,0.975311991297105,0.0469753652275959
1995,1063,1,-1.12300374179227,0,0.975311991297105,0.0301340787270905
1996,1063,1,2.27250763775677,0,0.975311991297105,0.0856877557876694
1997,1063,1,-0.0192684188658765,0,0.975311991297105,0.0550327777423427
1998,1063,1,0.785978166602839,1,0.975311991297105,0.0675113796974527
1999,1063,1,0.532920157472233,1,0.975311991297105,0.0275708449724075
2000,1063,1,0.350202429433115,1,0.975311991297105,0.00907773081573904
2001,1063,1,-0.331645195872897,1,0.975311991297105,0.0485058352002383
2002,1063,1,-0.504715625124412,1,0.975311991297105,0.0490462931409104
2003,1063,1,0.372788082081864,1,0.975311991297105,0.0600734763809419
2004,1063,1,-0.19782574332992,1,0.975311991297105,0.0286685011425263
2005,1063,1,0.169455046200705,1,0.975311991297105,0.0356546215237543
1994,1065,1,,0,0.975311991297105,0.065934178815469
1995,1065,1,,0,0.975311991297105,0.0457970803582866
1996,1065,1,1.8478489358791,0,0.975311991297105,0.09886465503146
1997,1065,1,0.137915706851397,0,0.975311991297105,0.0600707020219993
1998,1065,1,0.948092227105407,1,0.975311991297105,0.0710591474564017
1999,1065,1,0.256935986289473,1,0.975311991297105,0.0335680219830614
2000,1065,1,0.0107020221939997,1,0.975311991297105,0.0123600442807046
2001,1065,1,-0.219705510734397,1,0.975311991297105,0.0486890685112655
2002,1065,1,-0.202492426610078,1,0.975311991297105,0.045462283464917
2003,1065,1,-0.136400835052476,1,0.975311991297105,0.0508585033926607
2004,1065,1,0.748768806288275,1,0.975311991297105,0.0166518578170374
2005,1065,1,0.147509095574684,1,0.975311991297105,0.0301184863096351
1994,1067,1,-0.724563376793324,0,0.975311991297105,0.0362621312138693
1995,1067,1,0.412532275331257,0,0.975311991297105,0.0387686267213443
1996,1067,1,2.62180677500147,0,0.975311991297105,0.0567681701677651
1997,1067,1,0.958577364649272,0,0.975311991297105,0.0669732275331736
1998,1067,1,0.262847181294454,1,0.975311991297105,0.0749184637144911
1999,1067,1,0.253926182653522,1,0.975311991297105,0.00588069714503181
2000,1067,1,0.119030696454539,1,0.975311991297105,-0.00658302802167565
2001,1067,1,-0.559511886433953,1,0.975311991297105,0.0333064155354075
2002,1067,1,0.675353443183449,1,0.975311991297105,0.0270866210610032
2003,1067,1,-0.207169650654699,1,0.975311991297105,0.0461472161394072
2004,1067,1,0.330960064931906,1,0.975311991297105,0.0271666884603503
2005,1067,1,0.214108582256298,1,0.975311991297105,0.0338442154515413
1994,1069,1,0.0724728017829683,0,0.975311991297105,0.029344827028881
1995,1069,1,-0.0131456849697731,0,0.975311991297105,0.0328550845454725
1996,1069,1,0.28007059414286,0,0.975311991297105,0.0518038061360553
1997,1069,1,-0.104506623679997,0,0.975311991297105,0.0641897870072681
1998,1069,1,0.204548264603673,1,0.975311991297105,0.0737163020154972
1999,1069,1,0.0759004761732616,1,0.975311991297105,0.00277390217740425
2000,1069,1,-0.112057943584709,1,0.975311991297105,-0.00892703897830582
2001,1069,1,0.00246837003093781,1,0.975311991297105,0.0329888716857818
2002,1069,1,-0.0182444811443201,1,0.975311991297105,0.0284368555351673
2003,1069,1,0.218785574690012,1,0.975311991297105,0.0471669919023334
2004,1069,1,0.0831751870207018,1,0.975311991297105,0.0256807580545173
2005,1069,1,0.256661469613395,1,0.975311991297105,0.0337386495512959
1994,1073,1,-0.0491589419030785,0,0.975311991297105,0.0334685675393915
1995,1073,1,-0.0177397781087212,0,0.975311991297105,0.0267081357889785
1996,1073,1,0.294443432995292,0,0.975311991297105,0.0875558934323424
1997,1073,1,0.090251524844108,0,0.975311991297105,0.0319358119888769
1998,1073,1,0.10716982194063,1,0.975311991297105,0.0293135585139979
1999,1073,1,0.0886868900143423,1,0.975311991297105,0.0298903356229747
2000,1073,1,-0.0748013012209636,1,0.975311991297105,-0.0169834343072921
2001,1073,1,0.090815764175634,1,0.975311991297105,0.053769788780337
2002,1073,1,0.324853315460098,1,0.975311991297105,0.0252583359047547
2003,1073,1,0.238197120532675,1,0.975311991297105,-0.000331517619295951
2004,1073,1,0.11772509132617,1,0.975311991297105,0.0592193647192509
2005,1073,1,-0.0341501704701095,1,0.975311991297105,0.0698466335407337
1994,1077,1,0.239705500509819,0,0.975311991297105,0.033300036051334
1995,1077,1,0.109146037740274,0,0.975311991297105,0.0511478786343433
1996,1077,1,0.0814420382894152,0,0.975311991297105,0.0340176557048997
1997,1077,1,-0.043110619772591,0,0.975311991297105,0.0351433972550907
1998,1077,1,0.191929889395309,1,0.975311991297105,0.0529512803561687
1999,1077,1,0.072020449284393,1,0.975311991297105,0.0172890599844893
2000,1077,1,-0.111309744351356,1,0.975311991297105,-0.0308860179122394
2001,1077,1,-0.181749753411463,1,0.975311991297105,0.0532101784697154
2002,1077,1,0.212772189642889,1,0.975311991297105,0.0299040788986087
2003,1077,1,-0.0510898856163262,1,0.975311991297105,0.0370016223422605
2004,1077,1,0.23430258699225,1,0.975311991297105,0.0163083276932721
2005,1077,1,-0.224923914788263,1,0.975311991297105,-0.0049969346146943
1994,1079,1,0.415995576549434,0,0.975311991297105,0.0463403269136906
1995,1079,1,-0.157392173751429,0,0.975311991297105,-0.000171512506126348
1996,1079,1,0.830800598250805,0,0.975311991297105,0.0544192724711401
1997,1079,1,0.153573500727461,0,0.975311991297105,0.0690469926544912
1998,1079,1,0.417203592490878,1,0.975311991297105,0.0809404970439633
1999,1079,1,0.0360809842435739,1,0.975311991297105,0.0288076750693049
2000,1079,1,0.0792940103445297,1,0.975311991297105,0.0246926656846469
2001,1079,1,-0.466218895912299,1,0.975311991297105,0.0461101817795946
2002,1079,1,-0.0263828408072193,1,0.975311991297105,0.0334837727729873
2003,1079,1,0.118236252910251,1,0.975311991297105,0.0325172786973562
2004,1079,1,0.203744543783175,1,0.975311991297105,0.0135352095643126
2005,1079,1,-0.0119761910467151,1,0.975311991297105,0.00419973325196477
1994,1081,1,-0.982298760991086,0,0.975311991297105,0.0473131931130935
1995,1081,1,0.883605478746962,0,0.975311991297105,0.0346186338715828
1996,1081,1,3.63992922851299,0,0.975311991297105,0.048581695493378
1997,1081,1,0.09212924566331,0,0.975311991297105,0.0670107272165552
1998,1081,1,0.464619335710603,1,0.975311991297105,0.0528661288500789
1999,1081,1,0.530480496394898,1,0.975311991297105,0.0439492126881911
2000,1081,1,0.26876091581021,1,0.975311991297105,-0.000796533541291389
2001,1081,1,-0.0569313964476343,1,0.975311991297105,0.041537169742405
2002,1081,1,0.0850952678755395,1,0.975311991297105,0.051807004358758
2003,1081,1,0.270564663311617,1,0.975311991297105,0.0476411438437605
2004,1081,1,0.355712285331904,1,0.975311991297105,0.0594840626908386
2005,1081,1,0.215386913336598,1,0.975311991297105,0.0518185624994407
1994,1083,1,3.67391052041207,0,0.975311991297105,0.0141230693320802
1995,1083,1,0.178800050151274,0,0.975311991297105,0.00263471617481414
1996,1083,1,0.524066563949225,0,0.975311991297105,0.0490472818750458
1997,1083,1,0.206017379896137,0,0.975311991297105,0.0510229696382289
1998,1083,1,0.107164185100732,1,0.975311991297105,0.0699196318091797
1999,1083,1,0.0450848809890641,1,0.975311991297105,0.0260623861570997
2000,1083,1,-0.206981814927381,1,0.975311991297105,0.015138155787243
2001,1083,1,0.0331519498418515,1,0.975311991297105,0.040969935145287
2002,1083,1,-0.0334599373826361,1,0.975311991297105,0.0378041201484436
2003,1083,1,0.441541599923049,1,0.975311991297105,0.0326226380134456
2004,1083,1,0.159343850076498,1,0.975311991297105,0.0159207950221925
2005,1083,1,0.150526614997375,1,0.975311991297105,0.0168366701715996
1994,1085,1,,0,0.975311991297105,0.00482534340284602
1995,1085,1,,0,0.975311991297105,0.0498062616872987
1996,1085,1,-0.117016458386188,0,0.975311991297105,0.0583966470167843
1997,1085,1,2.2229446032706,0,0.975311991297105,0.0439126182342129
1998,1085,1,0.289174610042287,1,0.975311991297105,0.0461930794338059
1999,1085,1,0.761244796839386,1,0.975311991297105,0.00342702130099859
2000,1085,1,-0.27935736256575,1,0.975311991297105,0.0152778651189758
2001,1085,1,-0.537073849840927,1,0.975311991297105,0.0669467634098089
2002,1085,1,0.362391434149955,1,0.975311991297105,0.057849645930812
2003,1085,1,0.1945189074278,1,0.975311991297105,0.0165171536160811
2004,1085,1,-0.0741340216216635,1,0.975311991297105,0.0178303733187972
2005,1085,1,0.298563572639315,1,0.975311991297105,0.130221329207541
1994,1089,1,-0.00306204332861171,0,0.975311991297105,-0.000315096675259419
1995,1089,1,-0.141937363976583,0,0.975311991297105,-0.0106670718551776
1996,1089,1,0.170830145224995,0,0.975311991297105,0.0371030219299984
1997,1089,1,0.142717525208477,0,0.975311991297105,0.0436418402399221
1998,1089,1,0.33323926595482,1,0.975311991297105,0.0636505092999125
1999,1089,1,0.154919312759722,1,0.975311991297105,0.0195665482300216
2000,1089,1,-0.228782187756424,1,0.975311991297105,0.0107566881814316
2001,1089,1,0.121443126154274,1,0.975311991297105,0.0389943534085218
2002,1089,1,-0.0231706500496696,1,0.975311991297105,0.0398405307239793
2003,1089,1,0.389849204163292,1,0.975311991297105,0.0374411816974414
2004,1089,1,0.0807018402942124,1,0.975311991297105,0.0164525612176565
2005,1089,1,0.049111444661964,1,0.975311991297105,0.0178748717697728
1994,1097,1,-0.254118771084917,0,0.975311991297105,0.0239471782140512
1995,1097,1,-0.102870162914421,0,0.975311991297105,0.0672417099274227
1996,1097,1,0.131545138958934,0,0.975311991297105,0.105883326995595
1997,1097,1,0.164427257642501,0,0.975311991297105,0.0512509964113326
1998,1097,1,0.198994851543482,1,0.975311991297105,0.059822246491497
1999,1097,1,-0.067890355269931,1,0.975311991297105,0.00344790439719134
2000,1097,1,-0.0781047505987171,1,0.975311991297105,0.0493175571141835
2001,1097,1,0.00228447923304564,1,0.975311991297105,0.0108956804837872
2002,1097,1,0.221203733587211,1,0.975311991297105,0.0481437449587041
2003,1097,1,0.0518888810353513,1,0.975311991297105,0.0540113418423003
2004,1097,1,0.0520878511914198,1,0.975311991297105,0.0451433217246828
2005,1097,1,0.16936385478963,1,0.975311991297105,0.115128161338313
1994,2020,2,0.196796968310306,0,11.2160878999167,0.0885277014481609
1995,2020,2,-0.228467683469511,2,11.2160878999167,0.0547248481355185
1996,2020,2,-0.329968589281657,2,11.2160878999167,0.039462276967388
1997,2020,2,-0.0387589384992033,2,11.2160878999167,0.0504608564150102
1998,2020,2,0.248795151681334,2,11.2160878999167,0.0434438729363338
1999,2020,2,0.0217216241143134,2,11.2160878999167,0.0401006556619112
2000,2020,2,-0.114582724925357,2,11.2160878999167,-0.0253776628618461
2001,2020,2,0.32021030918966,2,11.2160878999167,0.0054030449907696
2002,2020,2,0.402594796953418,2,11.2160878999167,0.0748237535551661
2003,2020,2,0.302222058185551,2,11.2160878999167,0.0543120229634075
2004,2020,2,0.255486172311572,2,11.2160878999167,0.101697360062797
2005,2020,2,0.117029831069342,2,11.2160878999167,0.108811583532187
1994,2090,2,,0,11.2160878999167,0.100479669963105
1995,2090,2,,2,11.2160878999167,0.0483958388304133
1996,2090,2,,2,11.2160878999167,0.0485553093368107
1997,2090,2,0.107207321434867,2,11.2160878999167,0.0710289640659552
1998,2090,2,0.0654494062772182,2,11.2160878999167,0.045025630944874
1999,2090,2,0.162139494850839,2,11.2160878999167,0.02552506401162
2000,2090,2,1.0856250931413,2,11.2160878999167,-0.0220332833169667
2001,2090,2,0.704897051776868,2,11.2160878999167,-0.00402414097527704
2002,2090,2,0.0182424516950146,2,11.2160878999167,0.0564988280018239
2003,2090,2,0.581063029447568,2,11.2160878999167,0.0429939260057086
2004,2090,2,0.992022508474903,2,11.2160878999167,0.0810646818537935
2005,2090,2,0.108843884550931,2,11.2160878999167,0.0776899984585553
1994,2170,2,,0,11.2160878999167,0.105752057724299
1995,2170,2,,2,11.2160878999167,0.0695834246994869
1994,4005,4,0.588010654151571,0,3.20459654283335,0.126888364434288
1995,4005,4,3.0988001294802,0,3.20459654283335,0.123354337007729
1996,4005,4,1.41763062718147,0,3.20459654283335,0.0589513144718357
1997,4005,4,-0.330090061566736,1,3.20459654283335,0.0476650842549971
1998,4005,4,0.119478254016924,1,3.20459654283335,0.0409947436495726
1999,4005,4,0.174808282304726,1,3.20459654283335,0.0177417518526752
2000,4005,4,0.057388098545859,1,3.20459654283335,0.0129968934854992
2001,4005,4,0.236524287319249,1,3.20459654283335,-0.00346355178157864
2002,4005,4,0.217384950378056,2,3.20459654283335,0.0777579423679837
2003,4005,4,0.0444243127531507,2,3.20459654283335,0.0676250260786544
2004,4005,4,0.394258206748157,2,3.20459654283335,0.130081512506256
2005,4005,4,0.0493877318137592,2,3.20459654283335,0.20729991765374
1994,4013,4,0.545036930184885,0,3.20459654283335,0.027053850964724
1995,4013,4,0.223546715079991,0,3.20459654283335,0.0509798291776002
1996,4013,4,0.147500956029619,0,3.20459654283335,0.090462674867914
1997,4013,4,0.135676423350974,1,3.20459654283335,0.0768915890198558
1998,4013,4,0.241819916545291,1,3.20459654283335,0.0599294568157047
1999,4013,4,0.202435451358012,1,3.20459654283335,0.050257787371379
2000,4013,4,0.075395173590513,1,3.20459654283335,0.0619190220333525
2001,4013,4,0.141233736988177,1,3.20459654283335,0.0405586034581331
2002,4013,4,0.0497194660784484,2,3.20459654283335,0.0361369179116373
2003,4013,4,0.190952101756819,2,3.20459654283335,0.0584708030738614
2004,4013,4,0.260337980676713,2,3.20459654283335,0.10804648977984
2005,4013,4,0.247436986039753,2,3.20459654283335,0.373477789131712
1994,4019,4,0.472924825573287,0,3.20459654283335,0.080025251571044
1995,4019,4,-0.121104511517459,0,3.20459654283335,0.0512932824129848
1996,4019,4,0.177090733281531,0,3.20459654283335,0.0450911933755807
1997,4019,4,-0.0248261025891559,1,3.20459654283335,0.0163049968562428
1998,4019,4,0.274475461528551,1,3.20459654283335,0.0483582218404681
1999,4019,4,0.0442947281216171,1,3.20459654283335,0.04237775106263
2000,4019,4,0.113499967012455,1,3.20459654283335,0.0312656888904925
2001,4019,4,0.102041125032928,1,3.20459654283335,0.05183927991557
2002,4019,4,0.224698300475344,2,3.20459654283335,0.136874701951672
2003,4019,4,0.0204297420549899,2,3.20459654283335,0.0688330465508535
2004,4019,4,0.297459377886545,2,3.20459654283335,0.123035184458183
2005,4019,4,0.205900425130796,2,3.20459654283335,0.258458688537337
1994,4021,4,5.00756839500844,0,3.20459654283335,0.0511799251674203
1995,4021,4,-0.00368631513878626,0,3.20459654283335,0.0713217617892354
1996,4021,4,0.0943784378615469,0,3.20459654283335,0.105792527017043
1997,4021,4,0.283883334859951,1,3.20459654283335,0.0870461316940059
1998,4021,4,0.460887292179633,1,3.20459654283335,0.063487968854977
1999,4021,4,0.372762853065467,1,3.20459654283335,0.0471279281501262
2000,4021,4,0.0474857797230879,1,3.20459654283335,0.0521702683494967
2001,4021,4,-0.0102794283132006,1,3.20459654283335,0.0332920651068758
2002,4021,4,0.257934169543363,2,3.20459654283335,0.0358594493366464
2003,4021,4,0.250222826151623,2,3.20459654283335,0.0649610833927659
2004,4021,4,0.544384514760161,2,3.20459654283335,0.125936132030882
2005,4021,4,0.802764587005409,2,3.20459654283335,0.397875825168369
1994,4025,4,1.7216312186117,0,3.20459654283335,0.122717022055825
1995,4025,4,2.20960403723825,0,3.20459654283335,0.0876077246791152
1996,4025,4,0.576569127282022,0,3.20459654283335,0.0368514537085503
1997,4025,4,0.244400926045032,1,3.20459654283335,0.0373859584616305
1998,4025,4,0.428798184215959,1,3.20459654283335,0.0552514520800775
1999,4025,4,0.315122465150189,1,3.20459654283335,0.0292128186898886
2000,4025,4,0.291955652712776,1,3.20459654283335,0.0104744258768719
2001,4025,4,-0.0311547137987063,1,3.20459654283335,0.00247432139066817
2002,4025,4,0.186144563825922,2,3.20459654283335,0.0696903534458055
2003,4025,4,0.249909805186814,2,3.20459654283335,0.0609476081217952
2004,4025,4,0.315391538190593,2,3.20459654283335,0.114787852654151
2005,4025,4,0.209634075581663,2,3.20459654283335,0.233451295005175
1994,4027,4,0.534426569073883,0,3.20459654283335,0.0552627240600758
1995,4027,4,0.24370041271688,0,3.20459654283335,0.0671612990878696
1996,4027,4,-0.0390641553480471,0,3.20459654283335,0.0246959310081714
1997,4027,4,-0.212038792438248,1,3.20459654283335,0.0335056632132238
1998,4027,4,0.185691959031928,1,3.20459654283335,0.0503817368252415
1999,4027,4,0.182032821093388,1,3.20459654283335,0.0213698357813081
2000,4027,4,0.0587053843312066,1,3.20459654283335,-0.0169883364570067
2001,4027,4,0.18447221408317,1,3.20459654283335,0
2002,4027,4,-0.0026500217448433,2,3.20459654283335,0.0601866355307914
2003,4027,4,0.17209519170653,2,3.20459654283335,0.0556119436712637
2004,4027,4,0.151587417135204,2,3.20459654283335,0.115089961257402
2005,4027,4,0.373903281375656,2,3.20459654283335,0.264576884131029
1994,5007,5,4.07953230803476,0,1.49547838665556,0.0780147266163782
1995,5007,5,-0.0518660364437409,0,1.49547838665556,0.0376674508693666
1996,5007,5,0.0834688085440725,0,1.49547838665556,0.0432455462654033
1997,5007,5,0.215230228348977,0,1.49547838665556,0.0457977353376853
1998,5007,5,0.119748425730869,0,1.49547838665556,0.043065277108024
1999,5007,5,0.12024225814239,0,1.49547838665556,0.0164748216723618
2000,5007,5,0.180311779680414,0,1.49547838665556,0.0166096529129121
2001,5007,5,0.126015172647351,0,1.49547838665556,0.0522470769708532
2002,5007,5,0.130338539279991,0,1.49547838665556,0.0581429823219191
2003,5007,5,0.301593597079899,0,1.49547838665556,0.0680570288741524
2004,5007,5,0.273883330173918,0,1.49547838665556,0.0836235534663583
2005,5007,5,0.0888475565344162,0,1.49547838665556,0.0563465845380051
1994,5025,5,0.049090375536716,0,1.49547838665556,0.0253723844091209
1995,5025,5,0.0926035483860481,0,1.49547838665556,-0.00402610329766828
1996,5025,5,0.182537223435784,0,1.49547838665556,0.0808820316263286
1997,5025,5,-0.0329448927100149,0,1.49547838665556,0.0369537481770812
1998,5025,5,0.310050918734866,0,1.49547838665556,0.0475741174985087
1999,5025,5,0.327081489249791,0,1.49547838665556,0.0492497424897644
2000,5025,5,-0.0444441098043971,0,1.49547838665556,-0.0277606941178825
2001,5025,5,-0.0458480396063568,0,1.49547838665556,0.0439039043941953
2002,5025,5,0.120931150819787,0,1.49547838665556,0.0587166717802727
2003,5025,5,0.409744792686825,0,1.49547838665556,0.0456636447770542
2004,5025,5,0.114003955077774,0,1.49547838665556,0.0589859962248909
2005,5025,5,0.183439553923709,0,1.49547838665556,0.0171324275395248
1994,5031,5,-0.0490886158792954,0,1.49547838665556,0.0234666560488659
1995,5031,5,-0.178774366374858,0,1.49547838665556,0.0506066780501868
1996,5031,5,0.204651920532251,0,1.49547838665556,0.05045305005725
1997,5031,5,0.575044268097656,0,1.49547838665556,0.0658122628885307
1998,5031,5,0.154818674381367,0,1.49547838665556,0.0508926734804218
1999,5031,5,0.345994204073897,0,1.49547838665556,0.0374864200914891
2000,5031,5,-0.247295525103736,0,1.49547838665556,0.024391504809028
2001,5031,5,0.105693437331144,0,1.49547838665556,0.0431906173059948
2002,5031,5,-0.0427133719862614,0,1.49547838665556,0.0346933917495402
2003,5031,5,0.263873122359859,0,1.49547838665556,0.0366198127222281
2004,5031,5,0.0144311408975941,0,1.49547838665556,0.00847465918251
2005,5031,5,-0.003118989360825,0,1.49547838665556,-0.0257507003761113
1994,5033,5,0.251814803572808,0,1.49547838665556,0.0563205677896308
1995,5033,5,-0.0329992086839113,0,1.49547838665556,0.0436677019116551
1996,5033,5,0.183833215026151,0,1.49547838665556,0.0574778876769493
1997,5033,5,-0.073269964797845,0,1.49547838665556,0.0624028304542916
1998,5033,5,0.191350385591411,0,1.49547838665556,0.0500389239299093
1999,5033,5,0.0601297640779333,0,1.49547838665556,0.016638390657155
2000,5033,5,-0.0892210008512642,0,1.49547838665556,0.0261117773721091
2001,5033,5,0.0132929846187864,0,1.49547838665556,0.062319093398064
2002,5033,5,-0.0234462485554676,0,1.49547838665556,0.0389278070933496
2003,5033,5,0.317634105047114,0,1.49547838665556,0.0396639536308276
2004,5033,5,0.18347848079098,0,1.49547838665556,0.0213490052642555
2005,5033,5,0.0150882105824373,0,1.49547838665556,0.00349549397044679
1994,5035,5,0.457155381555403,0,1.49547838665556,-0.0333389201703413
1995,5035,5,0.00517880318988517,0,1.49547838665556,-0.0123477883159611
1996,5035,5,0.0797493901078621,0,1.49547838665556,0.118490259772362
1997,5035,5,0.35992878594293,0,1.49547838665556,0.0782477685710674
1998,5035,5,0.283633001777444,0,1.49547838665556,0.0475805776130533
1999,5035,5,-0.0643794248044056,0,1.49547838665556,0.00267251399978363
2000,5035,5,0.223410776185528,0,1.49547838665556,0.0480793235918808
2001,5035,5,-0.137779075721463,0,1.49547838665556,0.123815617419004
2002,5035,5,0.0839351940003184,0,1.49547838665556,0.0595845197529519
2003,5035,5,0.339590141036569,0,1.49547838665556,0
2004,5035,5,0.112482865607463,0,1.49547838665556,0.00604518707538304
2005,5035,5,0.127769120103679,0,1.49547838665556,0.0828572102393501
1994,5045,5,0.452725851349177,0,1.49547838665556,-0.038862871227213
1995,5045,5,-0.0193640197065434,0,1.49547838665556,0.0623119804214838
1996,5045,5,0.140015567096473,0,1.49547838665556,0.0656776976433928
1997,5045,5,0.029959431766807,0,1.49547838665556,0.031978426907556
1998,5045,5,0.0523903686249483,0,1.49547838665556,0.0699726158305918
1999,5045,5,0.381758374579803,0,1.49547838665556,-0.00483123571544564
2000,5045,5,0.0391509478867125,0,1.49547838665556,-0.0279371898420289
2001,5045,5,0.238819971641002,0,1.49547838665556,0.0806554148798
2002,5045,5,-0.0215706863207483,0,1.49547838665556,0.0022435378182859
2003,5045,5,0.258364155771886,0,1.49547838665556,0.0839763056968623
2004,5045,5,0.0380499640989669,0,1.49547838665556,0.0365984521758289
2005,5045,5,0.162272302256978,0,1.49547838665556,0.101243725951021
1994,5047,5,0.716331291642008,0,1.49547838665556,0.0567055034972746
1995,5047,5,-0.482375222931019,0,1.49547838665556,0.0436231087938612
1996,5047,5,0.139992501738811,0,1.49547838665556,0.0569428157178442
1997,5047,5,-0.0301634932270138,0,1.49547838665556,0.0604520629511378
1998,5047,5,1.04529764893451,0,1.49547838665556,0.0470139805640235
1999,5047,5,0.124464048471319,0,1.49547838665556,0.0119448290040047
2000,5047,5,-0.268150518570478,0,1.49547838665556,0.0199684842802315
2001,5047,5,-0.297300982305824,0,1.49547838665556,0.0585215521569147
2002,5047,5,-0.0460530019044434,0,1.49547838665556,0.0370495049260775
2003,5047,5,0.442048525286674,0,1.49547838665556,0.0344665008513712
2004,5047,5,-0.30478543342598,0,1.49547838665556,0.0150065594054283
2005,5047,5,0.240842204322604,0,1.49547838665556,0.00385408286313371
1994,5051,5,-1.3140825470269,0,1.49547838665556,0.0750262975315428
1995,5051,5,1.38629436111989,0,1.49547838665556,0.0449469104998981
1996,5051,5,1.10854106415812,0,1.49547838665556,0.0676695744774394
1997,5051,5,0.126440868987004,0,1.49547838665556,0.0613300135324053
1998,5051,5,0.522606942663485,0,1.49547838665556,0.0469705878414706
1999,5051,5,0.510143309756151,0,1.49547838665556,0.0181019949960728
2000,5051,5,-0.080902522654867,0,1.49547838665556,-0.00481675623615629
2001,5051,5,-0.0771883813664278,0,1.49547838665556,0.0683202981233988
2002,5051,5,0.502930607575518,0,1.49547838665556,0.0446826318297466
2003,5051,5,0.210235757037658,0,1.49547838665556,0.0536384109690991
2004,5051,5,0.0156637700664213,0,1.49547838665556,0.0462351027408721
2005,5051,5,0.187645406731257,0,1.49547838665556,0.0437766368011214
1994,5053,5,1.17105880951503,0,1.49547838665556,-0.0420934520535718
1995,5053,5,-1.09654158832756,0,1.49547838665556,0.0601927447245201
1996,5053,5,0.63661435322773,0,1.49547838665556,0.0642093967732675
1997,5053,5,-0.236482591094929,0,1.49547838665556,0.0306967819082225
1998,5053,5,0.622370187279493,0,1.49547838665556,0.0695115099208623
1999,5053,5,0.592769975856268,0,1.49547838665556,-0.00419692032220365
2000,5053,5,-0.469615902552945,0,1.49547838665556,-0.0265659878248501
2001,5053,5,0.288457075132627,0,1.49547838665556,0.0828516682682592
2002,5053,5,0.0522752756398752,0,1.49547838665556,0.00620916484076872
2003,5053,5,0.285222663979432,0,1.49547838665556,0.0897513415650071
2004,5053,5,0.0272155989835969,0,1.49547838665556,0.040465566809937
2005,5053,5,0.730017716368272,0,1.49547838665556,0.0976304340982797
1994,5069,5,0.195959955115297,0,1.49547838665556,0.0161738559341442
1995,5069,5,-0.223632942032546,0,1.49547838665556,-0.0119625670347063
1996,5069,5,0.168384560134765,0,1.49547838665556,0.0738077896910903
1997,5069,5,-0.0130856885831303,0,1.49547838665556,0.0314381327416795
1998,5069,5,-0.000149689394785213,0,1.49547838665556,0.0435692516189814
1999,5069,5,0.173865244070234,0,1.49547838665556,0.0466322667557177
2000,5069,5,0.0754595148466102,0,1.49547838665556,-0.0290106357915576
2001,5069,5,-0.136811739793554,0,1.49547838665556,0.0413458830104583
2002,5069,5,0.357537390465353,0,1.49547838665556,0.0527431715004383
2003,5069,5,0.0233488033574556,0,1.49547838665556,0.0368512615618002
2004,5069,5,0.068608920627943,0,1.49547838665556,0.049006252348784
2005,5069,5,0.240268648312771,0,1.49547838665556,0.00686643090862305
1994,5079,5,0.916290731874156,0,1.49547838665556,0.0416778507399194
1995,5079,5,-0.71743987312899,0,1.49547838665556,0.00900356339054609
1996,5079,5,1.52391573899594,0,1.49547838665556,0.0929289240450477
1997,5079,5,1.06962475179486,0,1.49547838665556,0.048685085050439
1998,5079,5,-0.212174519943636,0,1.49547838665556,0.0579991046552006
1999,5079,5,0.780158557549576,0,1.49547838665556,0.0585682981778817
2000,5079,5,-0.0556889058605892,0,1.49547838665556,-0.0202256156347382
2001,5079,5,-0.0850109762425459,0,1.49547838665556,0.0427982898124988
2002,5079,5,0.254772338362983,0,1.49547838665556,0.044372208412601
2003,5079,5,-0.128058698234588,0,1.49547838665556,0.0254009547811753
2004,5079,5,0.205524453873618,0,1.49547838665556,0.0443849933067
2005,5079,5,0.265359069841557,0,1.49547838665556,0.0187555997531241
1994,5085,5,0.475238404299953,0,1.49547838665556,-0.0377456492270492
1995,5085,5,0.521494841061671,0,1.49547838665556,0.06245518787859
1996,5085,5,0.0672976518103461,0,1.49547838665556,0.0647407513897944
1997,5085,5,-0.0157619157174178,0,1.49547838665556,0.0293919105294966
1998,5085,5,-0.199992288247241,0,1.49547838665556,0.0656654465714004
1999,5085,5,0.294780458667823,0,1.49547838665556,-0.0112107640892374
2000,5085,5,0.125775458731699,0,1.49547838665556,-0.0362126596807943
2001,5085,5,-0.00652622869866626,0,1.49547838665556,0.0768672723478749
2002,5085,5,0.159804608583094,0,1.49547838665556,0.00556422531302392
2003,5085,5,-0.0533937999585916,0,1.49547838665556,0.0887207926360603
2004,5085,5,0.241615304029478,0,1.49547838665556,0.0420601415628346
2005,5085,5,0.144888876717276,0,1.49547838665556,0.104123179359139
1994,5087,5,,0,1.49547838665556,0.0843923718395918
1995,5087,5,,0,1.49547838665556,0.0421672739325425
1996,5087,5,2.91828054601324,0,1.49547838665556,0.0489090561229388
1997,5087,5,0.396934088957422,0,1.49547838665556,0.0528922557461744
1998,5087,5,0.39651496230409,0,1.49547838665556,0.0508942265619279
1999,5087,5,0.421775202154919,0,1.49547838665556,0.0253920113436612
2000,5087,5,-0.0994311480022194,0,1.49547838665556,0.0261732397615928
2001,5087,5,-0.0709271773520852,0,1.49547838665556,0.0548333218816381
2002,5087,5,0.0998956282525727,0,1.49547838665556,0.0505741970052949
2003,5087,5,0.30017669310288,0,1.49547838665556,0.0518919425336355
2004,5087,5,0.258604408950555,0,1.49547838665556,0.0644967563473768
2005,5087,5,0.273196514738352,0,1.49547838665556,0.0502642082748182
1994,5091,5,0.0579030656150934,0,1.49547838665556,0.0105998143291561
1995,5091,5,0.230102056427608,0,1.49547838665556,0.0513765036824276
1996,5091,5,0.0804898348886773,0,1.49547838665556,0.0495345782645824
1997,5091,5,0.0228701344985911,0,1.49547838665556,0.0433606005899909
1998,5091,5,0.0838752063788704,0,1.49547838665556,0.03477658014529
1999,5091,5,0.393677681694294,0,1.49547838665556,0.00616705458606592
2000,5091,5,0.265138379037921,0,1.49547838665556,0.0452266994568484
2001,5091,5,-0.221066707369371,0,1.49547838665556,0.0605641288875276
2002,5091,5,0.317085386837274,0,1.49547838665556,0.0711108573812984
2003,5091,5,0.0798283940665261,0,1.49547838665556,0.0370389332412175
2004,5091,5,0.0139396196557797,0,1.49547838665556,0.04085178450394
2005,5091,5,0.0793910252678955,0,1.49547838665556,0.0213337990554701
1994,5111,5,,0,1.49547838665556,0.0196176333628411
1994,6001,6,0.281978503979639,0,0.640919308566669,0.0179906765527651
1995,6001,6,0.197275388422169,0,0.640919308566669,-0.00939886423375302
1996,6001,6,0.213166461822357,1,0.640919308566669,0.0542713847961558
1997,6001,6,0.269628461579666,1,0.640919308566669,0.0729053957619588
1998,6001,6,-0.0306660234199132,1,0.640919308566669,0.105134108191142
1999,6001,6,0.531730984650363,1,0.640919308566669,0.108346617077277
2000,6001,6,0.10804205009183,1,0.640919308566669,0.265992370964654
2001,6001,6,0.0205921680383376,1,0.640919308566669,0.0766788128282654
2002,6001,6,0.403519725413261,1,0.640919308566669,0.0974879872269812
2003,6001,6,0.0747218879725953,1,0.640919308566669,0.0762240687402214
2004,6001,6,0.241014726155683,1,0.640919308566669,0.15711956251987
2005,6001,6,0.071606839899621,1,0.640919308566669,0.1162595385524
1994,6007,6,0.285540995612598,0,0.640919308566669,-0.00370622490587103
1995,6007,6,0.0139678630565836,0,0.640919308566669,-0.00189483924433187
1996,6007,6,0.105464903423675,1,0.640919308566669,0.0132605969605999
1997,6007,6,-0.101731125804122,1,0.640919308566669,0.034803330568475
1998,6007,6,0.0495135293064468,1,0.640919308566669,0.0464567889523631
1999,6007,6,0.426172485836595,1,0.640919308566669,0.0901808583360468
2000,6007,6,0.0933474642232017,1,0.640919308566669,0.111334224691839
2001,6007,6,0.243237619531302,1,0.640919308566669,0.104383466105025
2002,6007,6,0.562757931236597,1,0.640919308566669,0.179384679755522
2003,6007,6,0.176538500327737,1,0.640919308566669,0.170645549734791
2004,6007,6,0.261486671089923,1,0.640919308566669,0.209780999292091
2005,6007,6,0.131724468738424,1,0.640919308566669,0.175798826813473
1994,6013,6,0.227731342516856,0,0.640919308566669,0.0123486436284779
1995,6013,6,0.293727744064432,0,0.640919308566669,-0.0153681520832407
1996,6013,6,0.15150455131074,1,0.640919308566669,0.047993450117291
1997,6013,6,0.086624172946177,1,0.640919308566669,0.066112240078481
1998,6013,6,0.0726506250611791,1,0.640919308566669,0.0978970253515428
1999,6013,6,0.466534441018652,1,0.640919308566669,0.100355169466607
2000,6013,6,0.214325970064699,1,0.640919308566669,0.257656907157454
2001,6013,6,0.0845443503550118,1,0.640919308566669,0.0725502445116639
2002,6013,6,0.379251907206267,1,0.640919308566669,0.0985319450940798
2003,6013,6,0.169834675231773,1,0.640919308566669,0.0781024039507434
2004,6013,6,0.145899783730087,1,0.640919308566669,0.156081910080895
2005,6013,6,0.118766875409339,1,0.640919308566669,0.111362012222025
1994,6017,6,0.306230420796373,0,0.640919308566669,-0.0337075673792855
1995,6017,6,0.253869947121533,0,0.640919308566669,-0.0416577224112844
1996,6017,6,-0.0328033351362507,1,0.640919308566669,-0.0359400431057413
1997,6017,6,0.207867937229363,1,0.640919308566669,0.0110006492234644
1998,6017,6,0.134275965727154,1,0.640919308566669,0.0962293800571405
1999,6017,6,0.313513816630655,1,0.640919308566669,0.0434837574599678
2000,6017,6,0.225162143171351,1,0.640919308566669,0.0797518735599203
2001,6017,6,0.185523859267887,1,0.640919308566669,0.182722639286037
2002,6017,6,0.312932742666241,1,0.640919308566669,0.191948287809326
2003,6017,6,0.170558739458158,1,0.640919308566669,0.175791934766782
2004,6017,6,0.301030655752975,1,0.640919308566669,0.242469770695804
2005,6017,6,-0.0384068326538021,1,0.640919308566669,0.174700782486005
1994,6019,6,0.0333395888123089,0,0.640919308566669,-0.0277224095851141
1995,6019,6,0.162268393367846,0,0.640919308566669,-0.0291662256115703
1996,6019,6,0.151627131062392,1,0.640919308566669,-0.0122113396323229
1997,6019,6,-0.198100222040868,1,0.640919308566669,0.0221514994217031
1998,6019,6,0.0762096456520851,1,0.640919308566669,0.041642498291
1999,6019,6,0.385797008521193,1,0.640919308566669,0.0158342774057294
2000,6019,6,-0.044668499658032,1,0.640919308566669,0.0819073051374843
2001,6019,6,0.222304056607769,1,0.640919308566669,0.158574975129462
2002,6019,6,0.772737138106647,1,0.640919308566669,0.219940772799665
2003,6019,6,0.337717047657549,1,0.640919308566669,0.209637132281491
2004,6019,6,0.186690717547409,1,0.640919308566669,0.238766919857704
2005,6019,6,0.403388997761169,1,0.640919308566669,0.20471362961863
1994,6025,6,-0.905589418824321,0,0.640919308566669,0.0571724921927395
1995,6025,6,1.19128764479862,0,0.640919308566669,0.0421213235752065
1996,6025,6,1.82509821480395,1,0.640919308566669,0.0177156302660659
1997,6025,6,0.496120695869157,1,0.640919308566669,0.0222627191186922
1998,6025,6,0.385525473682387,1,0.640919308566669,0.0458292765828352
1999,6025,6,0.492675306372325,1,0.640919308566669,0.0300385251642217
2000,6025,6,-0.178849511558308,1,0.640919308566669,0.014687495943055
2001,6025,6,0.235232404052809,1,0.640919308566669,0.0181352095822138
2002,6025,6,0.495771938593377,1,0.640919308566669,0.0760316686653555
2003,6025,6,0.188030534772977,1,0.640919308566669,0.0798244702058613
2004,6025,6,0.425426919645506,1,0.640919308566669,0.157729342899296
2005,6025,6,0.409259550605171,1,0.640919308566669,0.253716989361374
1994,6029,6,0.0196498016231406,0,0.640919308566669,-0.0446874924051892
1995,6029,6,0.0725549159515193,0,0.640919308566669,-0.049012909974504
1996,6029,6,-0.141114724674571,1,0.640919308566669,-0.0152674506465962
1997,6029,6,0.0881210508345003,1,0.640919308566669,0.00740669189416554
1998,6029,6,0.0922714063561436,1,0.640919308566669,0.0557111505203629
1999,6029,6,0.729743887616667,1,0.640919308566669,0.00801350361702902
2000,6029,6,0.125276890892447,1,0.640919308566669,0.0617157863027256
2001,6029,6,0.253292183865019,1,0.640919308566669,0.14226268228493
2002,6029,6,0.909971111177093,1,0.640919308566669,0.181314666354853
2003,6029,6,0.337405777401481,1,0.640919308566669,0.172493869994798
2004,6029,6,0.311358117945673,1,0.640919308566669,0.243706915572806
2005,6029,6,0.24449204960259,1,0.640919308566669,0.248919481483608
1994,6031,6,-2.63905732961526,0,0.640919308566669,0.0501592270651816
1995,6031,6,3.43592565917501,0,0.640919308566669,0.0477630800279787
1996,6031,6,0.534366254377112,1,0.640919308566669,0.029706785973012
1997,6031,6,0.0638821843600379,1,0.640919308566669,0.0242593428108311
1998,6031,6,0.0971957868997855,1,0.640919308566669,0.0358363743152177
1999,6031,6,0.162790598907963,1,0.640919308566669,0.0261845699624361
2000,6031,6,0.289194524835095,1,0.640919308566669,-0.0241221071737456
2001,6031,6,0.0703904957535908,1,0.640919308566669,-0.00216572130379955
2002,6031,6,0.491779908049105,1,0.640919308566669,0.0688139173199156
2003,6031,6,0.457702578699216,1,0.640919308566669,0.101198006244591
2004,6031,6,0.537968249143326,1,0.640919308566669,0.213604228318892
2005,6031,6,0.350667584287505,1,0.640919308566669,0.236629490911643
1994,6037,6,0.391167519386311,0,0.640919308566669,-0.0362364102884163
1995,6037,6,0.193998759754196,0,0.640919308566669,-0.0812360473900231
1996,6037,6,0.141905649203064,1,0.640919308566669,-0.0541300037303953
1997,6037,6,0.0580520282185972,1,0.640919308566669,-0.00358474693035671
1998,6037,6,0.086683560331025,1,0.640919308566669,0.0681860760501083
1999,6037,6,0.402443516747104,1,0.640919308566669,0.0391256347772151
2000,6037,6,0.0558906888267039,1,0.640919308566669,0.0590054451697331
2001,6037,6,0.272585267106727,1,0.640919308566669,0.0972773278525363
2002,6037,6,0.458993713008175,1,0.640919308566669,0.180149036674081
2003,6037,6,0.191671898602095,1,0.640919308566669,0.203771295431918
2004,6037,6,0.126404623753018,1,0.640919308566669,0.227617803677854
2005,6037,6,0.165091061832445,1,0.640919308566669,0.214937707392358
1994,6039,6,3.20039813290645,0,0.640919308566669,0.0371683150308586
1995,6039,6,0.279806880626046,0,0.640919308566669,0.0463509700894704
1996,6039,6,0.228009092288893,1,0.640919308566669,0.00316169682352285
1997,6039,6,-0.248324980164295,1,0.640919308566669,0.0233525259593641
1998,6039,6,0.180091698535362,1,0.640919308566669,0.0605531596134394
1999,6039,6,0.34202949663875,1,0.640919308566669,0.0212347619914857
2000,6039,6,0.0538990143029174,1,0.640919308566669,0.0172447869409371
2001,6039,6,0.134130101825408,1,0.640919308566669,0.028206119290572
2002,6039,6,0.869937013949892,1,0.640919308566669,0.136755827481899
2003,6039,6,0.228194739191249,1,0.640919308566669,0.155298317768531
2004,6039,6,0.371070835240632,1,0.640919308566669,0.217536478170329
2005,6039,6,0.433212552988669,1,0.640919308566669,0.222728241988235
1994,6041,6,0.0646535934970149,0,0.640919308566669,0.0237186853533347
1995,6041,6,0.18637695992901,0,0.640919308566669,0.00848465693402734
1996,6041,6,0.0153436407914516,1,0.640919308566669,0.0482526698032704
1997,6041,6,0.15327163613278,1,0.640919308566669,0.0898071697313876
1998,6041,6,-0.0387869606838258,1,0.640919308566669,0.10835069541118
1999,6041,6,0.633504874736921,1,0.640919308566669,0.123302493426356
2000,6041,6,-0.0086542246034309,1,0.640919308566669,0.204389628751757
2001,6041,6,-0.201891787493238,1,0.640919308566669,0.0449298119421391
2002,6041,6,0.289920469020867,1,0.640919308566669,0.063002509665135
2003,6041,6,0.134345500189111,1,0.640919308566669,0.038335759945257
2004,6041,6,0.241125486489246,1,0.640919308566669,0.127190175394394
2005,6041,6,0.0466996109410705,1,0.640919308566669,0.118502322651586
1994,6047,6,-0.198641679852788,0,0.640919308566669,-0.03164299337364
1995,6047,6,-0.153531523098915,0,0.640919308566669,-0.0439092563564971
1996,6047,6,-0.0653476294288371,1,0.640919308566669,-0.00699819620542286
1997,6047,6,0.00300196507626715,1,0.640919308566669,0.0274150641739865
1998,6047,6,0.454971137752294,1,0.640919308566669,0.0433171792114182
1999,6047,6,0.600423013870353,1,0.640919308566669,0.031120680954106
2000,6047,6,0.737223197670058,1,0.640919308566669,0.124805720592349
2001,6047,6,0.175755651819324,1,0.640919308566669,0.193144321610345
2002,6047,6,0.286871188302021,1,0.640919308566669,0.203450162413908
2003,6047,6,0.356617727609821,1,0.640919308566669,0.164484603152694
2004,6047,6,0.539446285893835,1,0.640919308566669,0.196461259238252
2005,6047,6,0.384942802651306,1,0.640919308566669,0.243409205597692
1994,6053,6,0.31430032628302,0,0.640919308566669,0.0150830988875876
1995,6053,6,-0.238792773774875,0,0.640919308566669,0.00360360750329836
1996,6053,6,0.373375458679323,1,0.640919308566669,0.0232761740469938
1997,6053,6,0.145239588339768,1,0.640919308566669,0.086491890805104
1998,6053,6,-0.231706968413999,1,0.640919308566669,0.0786897245931888
1999,6053,6,0.858845332811976,1,0.640919308566669,0.151946370583181
2000,6053,6,0.137345150033482,1,0.640919308566669,0.197224506000368
2001,6053,6,-0.00497278539127599,1,0.640919308566669,0.0511167814660505
2002,6053,6,0.454397475682947,1,0.640919308566669,0.0588724396706351
2003,6053,6,0.17382454236501,1,0.640919308566669,0.0945706340901111
2004,6053,6,0.173786608713895,1,0.640919308566669,0.249569971724307
2005,6053,6,0.124878582303168,1,0.640919308566669,0.178902980596455
1994,6055,6,0.351466636114065,0,0.640919308566669,0.0283151251495797
1995,6055,6,0.017608262927995,0,0.640919308566669,-0.00263626570465281
1996,6055,6,0.367194575543566,1,0.640919308566669,-0.00772883333461394
1997,6055,6,0.156979668487997,1,0.640919308566669,0.0323355928225215
1998,6055,6,0.228352880170474,1,0.640919308566669,0.0837464040627989
1999,6055,6,0.473969343880889,1,0.640919308566669,0.114218304859036
2000,6055,6,-0.00144890603982795,1,0.640919308566669,0.0954422315099128
2001,6055,6,0.214332028561282,1,0.640919308566669,0.0507469498742559
2002,6055,6,0.307013467425428,1,0.640919308566669,0.124769324122171
2003,6055,6,0.0302167916358549,1,0.640919308566669,0.123574117760992
2004,6055,6,0.307099724623342,1,0.640919308566669,0.157438557156287
2005,6055,6,0.063786534768802,1,0.640919308566669,0.161007123817915
1994,6059,6,0.435750492007923,0,0.640919308566669,-0.0200607022565462
1995,6059,6,0.145892125777294,0,0.640919308566669,-0.0155409117426224
1996,6059,6,0.198544692852368,1,0.640919308566669,0.0177950487881615
1997,6059,6,0.221607236447374,1,0.640919308566669,0.0702742427807799
1998,6059,6,0.0860876809370019,1,0.640919308566669,0.100978401042719
1999,6059,6,0.343814995669709,1,0.640919308566669,0.103968246895912
2000,6059,6,0.0533466078500222,1,0.640919308566669,0.120470919014656
2001,6059,6,0.297578039664128,1,0.640919308566669,0.111665999746474
2002,6059,6,0.371459846923679,1,0.640919308566669,0.157192229594765
2003,6059,6,0.200412746366238,1,0.640919308566669,0.167106099656515
2004,6059,6,0.0376123585487917,1,0.640919308566669,0.243638595352133
2005,6059,6,0.179046681760369,1,0.640919308566669,0.100389857336949
1994,6061,6,0.388286063014435,0,0.640919308566669,-0.031543810679044
1995,6061,6,0.19860166719538,0,0.640919308566669,-0.0398485583690533
1996,6061,6,0.000500139253738041,1,0.640919308566669,-0.0345599732933604
1997,6061,6,0.216852032063844,1,0.640919308566669,0.0117002514495006
1998,6061,6,0.0780399871654911,1,0.640919308566669,0.096238937055702
1999,6061,6,0.429820776606221,1,0.640919308566669,0.0426797415954834
2000,6061,6,0.130388365896499,1,0.640919308566669,0.0781010528986119
2001,6061,6,0.33938332039928,1,0.640919308566669,0.182576890795618
2002,6061,6,0.340696579201557,1,0.640919308566669,0.194436819119052
2003,6061,6,0.158389290344134,1,0.640919308566669,0.178206915272282
2004,6061,6,0.249898438725451,1,0.640919308566669,0.24524571947844
2005,6061,6,0.18706822218425,1,0.640919308566669,0.168899007832687
1994,6065,6,0.557988104505727,0,0.640919308566669,-0.0396640351084709
1995,6065,6,0.219167489324917,0,0.640919308566669,-0.063245181000247
1996,6065,6,0.198356799229503,1,0.640919308566669,-0.0480416773995565
1997,6065,6,0.198420587515724,1,0.640919308566669,-0.00508398484088435
1998,6065,6,0.20549245307148,1,0.640919308566669,0.0297989181448717
1999,6065,6,0.737901476876507,1,0.640919308566669,0.0817257355815118
2000,6065,6,0.264511983080135,1,0.640919308566669,0.0749244466276791
2001,6065,6,0.435543580896688,1,0.640919308566669,0.116572559770934
2002,6065,6,0.617578883837936,1,0.640919308566669,0.123444640661591
2003,6065,6,0.297981747530887,1,0.640919308566669,0.217750714574727
2004,6065,6,0.25494535192213,1,0.640919308566669,0.305111479135184
2005,6065,6,0.28009102399592,1,0.640919308566669,0.226829529652879
1994,6067,6,0.141435816792908,0,0.640919308566669,-0.0485823158319922
1995,6067,6,0.00353334780407266,0,0.640919308566669,-0.0550077093318029
1996,6067,6,0.0569431976711545,1,0.640919308566669,-0.0471026484612365
1997,6067,6,0.0442120320069197,1,0.640919308566669,0.00226593224890426
1998,6067,6,0.209467177136037,1,0.640919308566669,0.0904496169684137
1999,6067,6,0.419840184326699,1,0.640919308566669,0.0409514499176877
2000,6067,6,0.253908780820435,1,0.640919308566669,0.0806200388107898
2001,6067,6,0.365146790355013,1,0.640919308566669,0.183952146946913
2002,6067,6,0.451207348256009,1,0.640919308566669,0.191507190236732
2003,6067,6,0.218207758281594,1,0.640919308566669,0.175498970676846
2004,6067,6,0.263104698957324,1,0.640919308566669,0.239508897548468
2005,6067,6,0.0879779962603298,1,0.640919308566669,0.170442784953876
1994,6069,6,,0,0.640919308566669,0.02465271733218
1995,6069,6,,0,0.640919308566669,-0.00268395904464391
1996,6069,6,1.22596069411611,1,0.640919308566669,0.0576601618256154
1997,6069,6,1.3324191337064,1,0.640919308566669,0.134684546808719
1998,6069,6,0.281061046446418,1,0.640919308566669,0.131128390634722
1999,6069,6,0.880120076671194,1,0.640919308566669,0.0906461231295914
2000,6069,6,-0.101409934931104,1,0.640919308566669,0.252988455923916
2001,6069,6,-0.233200607010737,1,0.640919308566669,0.0035737376420153
2002,6069,6,0.471184158522235,1,0.640919308566669,0.0267452494815501
2003,6069,6,0.0305791062595251,1,0.640919308566669,0.0256323260524454
2004,6069,6,0.192538226205953,1,0.640919308566669,0.142492045603333
2005,6069,6,0.123094315117569,1,0.640919308566669,0.179522284664055
1994,6071,6,0.238437591749898,0,0.640919308566669,-0.044299654600211
1995,6071,6,0.433505989466875,0,0.640919308566669,-0.0672691977279643
1996,6071,6,0.169028686600221,1,0.640919308566669,-0.051123958333112
1997,6071,6,0.259341917977126,1,0.640919308566669,-0.00744247075153037
1998,6071,6,0.142128826166111,1,0.640919308566669,0.0285473875712166
1999,6071,6,0.445694512503854,1,0.640919308566669,0.0816340764268269
2000,6071,6,0.187686135197746,1,0.640919308566669,0.0756998094843322
2001,6071,6,0.304776160804151,1,0.640919308566669,0.113604827314799
2002,6071,6,0.585549112331957,1,0.640919308566669,0.118534711558642
2003,6071,6,0.361091976503712,1,0.640919308566669,0.219128248066658
2004,6071,6,0.259095077610269,1,0.640919308566669,0.305805039815655
2005,6071,6,0.223762509497742,1,0.640919308566669,0.217611016868521
1994,6073,6,0.475080489735289,0,0.640919308566669,-0.00760371574946639
1995,6073,6,0.134286404496944,0,0.640919308566669,-0.0227563869428096
1996,6073,6,0.161454463141229,1,0.640919308566669,0.0167002776716503
1997,6073,6,0.17608193783782,1,0.640919308566669,0.0577281073097309
1998,6073,6,0.162582738876194,1,0.640919308566669,0.10807768409078
1999,6073,6,0.577692922339214,1,0.640919308566669,0.113821014813473
2000,6073,6,0.171264489261405,1,0.640919308566669,0.150852357009999
2001,6073,6,0.195180273613463,1,0.640919308566669,0.106734420240663
2002,6073,6,0.436809811939039,1,0.640919308566669,0.190930039855926
2003,6073,6,0.253145473216867,1,0.640919308566669,0.155884352979387
2004,6073,6,0.167833316697804,1,0.640919308566669,0.259628888897976
2005,6073,6,-0.0280974839576729,1,0.640919308566669,0.0965179701890682
1994,6075,6,0.294119159587163,0,0.640919308566669,0.0201986789890931
1995,6075,6,0.140032499671577,0,0.640919308566669,0.00426727035043317
1996,6075,6,0.285591340792646,1,0.640919308566669,0.0430605599215985
1997,6075,6,0.219815176356763,1,0.640919308566669,0.0832939859196138
1998,6075,6,-0.162925751025583,1,0.640919308566669,0.100291873304921
1999,6075,6,0.689316571040362,1,0.640919308566669,0.113137878281445
2000,6075,6,0.0117579742390319,1,0.640919308566669,0.192579588222657
2001,6075,6,-0.0217088820002616,1,0.640919308566669,0.0373783565216392
2002,6075,6,0.37498829052473,1,0.640919308566669,0.060785991077478
2003,6075,6,0.133674643517049,1,0.640919308566669,0.035644824355253
2004,6075,6,0.264588050877226,1,0.640919308566669,0.126940259493751
2005,6075,6,0.0194629057140308,1,0.640919308566669,0.117015632793688
1994,6077,6,0.134055853344368,0,0.640919308566669,-0.0416448224754857
1995,6077,6,0.0363008555235247,0,0.640919308566669,-0.0469928833633375
1996,6077,6,0.0983080088082815,1,0.640919308566669,-0.0297752599572583
1997,6077,6,0.291760009192018,1,0.640919308566669,0.020608131184356
1998,6077,6,0.411937309112856,1,0.640919308566669,0.0583162916871629
1999,6077,6,0.65776765304399,1,0.640919308566669,0.074615614017695
2000,6077,6,0.456740270872006,1,0.640919308566669,0.117731201227108
2001,6077,6,0.232160459175139,1,0.640919308566669,0.21029026778914
2002,6077,6,0.314566007251676,1,0.640919308566669,0.172125610187456
2003,6077,6,0.296917737135768,1,0.640919308566669,0.1413103347823
2004,6077,6,0.196775624902839,1,0.640919308566669,0.189099285016201
2005,6077,6,0.173202864470795,1,0.640919308566669,0.224519090702326
1994,6079,6,,0,0.640919308566669,-0.00998101151097952
1995,6079,6,0.0595674777945217,0,0.640919308566669,-0.00945565570265394
1996,6079,6,0.426582197451069,1,0.640919308566669,0.000113796418331091
1997,6079,6,0.22223257801604,1,0.640919308566669,0.035154047621881
1998,6079,6,0.317199910203081,1,0.640919308566669,0.0644390321752839
1999,6079,6,0.121218520810773,1,0.640919308566669,0.0891545226725281
2000,6079,6,0.0608271341548825,1,0.640919308566669,0.0744914062879234
2001,6079,6,0.185588409389801,1,0.640919308566669,0.0522939239578761
2002,6079,6,0.30532422266494,1,0.640919308566669,0.146654362001141
2003,6079,6,0.161520176506222,1,0.640919308566669,0.117635710461667
2004,6079,6,0.252116029077701,1,0.640919308566669,0.161735054615388
2005,6079,6,0.0119613878232361,1,0.640919308566669,0.163428956908141
1994,6081,6,0.166010978957436,0,0.640919308566669,0.0184058308827497
1995,6081,6,0.221730816107984,0,0.640919308566669,0.00359345942015032
1996,6081,6,0.276824078976162,1,0.640919308566669,0.043764433833875
1997,6081,6,0.089209506426144,1,0.640919308566669,0.0855364383465185
1998,6081,6,-0.293513740877359,1,0.640919308566669,0.104378770772031
1999,6081,6,0.820732781379086,1,0.640919308566669,0.119490079021187
2000,6081,6,-0.0159476072263764,1,0.640919308566669,0.200856560887111
2001,6081,6,-0.114846522794302,1,0.640919308566669,0.0424680493840413
2002,6081,6,0.331902932919204,1,0.640919308566669,0.0609129246227473
2003,6081,6,0.153210130701529,1,0.640919308566669,0.0354353314901301
2004,6081,6,0.22928719494926,1,0.640919308566669,0.125209925665645
2005,6081,6,-0.023194153192394,1,0.640919308566669,0.117509219273686
1994,6083,6,0.490056628268475,0,0.640919308566669,0.0120453258236051
1995,6083,6,-0.0172739285148005,0,0.640919308566669,-0.000136578473263427
1996,6083,6,0.347324937863757,1,0.640919308566669,0.002364769918759
1997,6083,6,0.289859278866942,1,0.640919308566669,0.0349049422270564
1998,6083,6,-0.163438023386529,1,0.640919308566669,0.091286388068883
1999,6083,6,0.52847049213306,1,0.640919308566669,0.107767925076569
2000,6083,6,-0.135842618559598,1,0.640919308566669,0.0463942665033263
2001,6083,6,0.138685650712034,1,0.640919308566669,0.0579664189072231
2002,6083,6,0.464863349074193,1,0.640919308566669,0.164579735741229
2003,6083,6,0.193667462079549,1,0.640919308566669,0.132851260375904
2004,6083,6,0.269490538691292,1,0.640919308566669,0.195448453247323
2005,6083,6,0.0543321389123488,1,0.640919308566669,0.186490356699232
1994,6085,6,0.170785492061089,0,0.640919308566669,0.0293054494911598
1995,6085,6,0.286704977990935,0,0.640919308566669,0.00299504411396612
1996,6085,6,0.32727796367621,1,0.640919308566669,0.0645456511821809
1997,6085,6,0.180301966164475,1,0.640919308566669,0.143282997211816
1998,6085,6,-0.109959760523584,1,0.640919308566669,0.141465325347112
1999,6085,6,0.59669995121808,1,0.640919308566669,0.103788449560047
2000,6085,6,0.0246026318289125,1,0.640919308566669,0.267948570127751
2001,6085,6,-0.151921077146747,1,0.640919308566669,0.0104966898480106
2002,6085,6,0.470416901417433,1,0.640919308566669,0.0198189719130859
2003,6085,6,0.117783083809982,1,0.640919308566669,0.00995206431739781
2004,6085,6,0.274201057888124,1,0.640919308566669,0.122604432377935
2005,6085,6,0.110048831841111,1,0.640919308566669,0.163823372264709
1994,6087,6,0.0358763261739803,0,0.640919308566669,0.000765978173065562
1995,6087,6,0.0629447716010159,0,0.640919308566669,0.00724721450098187
1996,6087,6,0.271632394024909,1,0.640919308566669,0.035945441389738
1997,6087,6,0.24509176551067,1,0.640919308566669,0.119398989998508
1998,6087,6,-0.0623936007170762,1,0.640919308566669,0.130692570505429
1999,6087,6,0.542016326016952,1,0.640919308566669,0.173455330690364
2000,6087,6,0.0134780682815112,1,0.640919308566669,0.196270396642239
2001,6087,6,-0.0471511133750813,1,0.640919308566669,0.0232418644473844
2002,6087,6,0.397054118858419,1,0.640919308566669,0.0394727470371041
2003,6087,6,0.133213485153059,1,0.640919308566669,0.0477008557003309
2004,6087,6,0.141669392220203,1,0.640919308566669,0.164361406915465
2005,6087,6,-0.0621151215026163,1,0.640919308566669,0.122361973243015
1994,6089,6,0.147491442283371,0,0.640919308566669,-0.0127195806852729
1995,6089,6,-0.164725794903575,0,0.640919308566669,-0.00985020892661392
1996,6089,6,-0.0652519538647631,1,0.640919308566669,0.00169768638989964
1997,6089,6,0.0646994756954058,1,0.640919308566669,0.017326858550069
1998,6089,6,0.0263222189003791,1,0.640919308566669,0.0557481203443713
1999,6089,6,0.456961415109161,1,0.640919308566669,0.0774661462029558
2000,6089,6,0.438732221319343,1,0.640919308566669,0.0845658908086229
2001,6089,6,0.235664607957983,1,0.640919308566669,0.0938040223033356
2002,6089,6,0.486868627364062,1,0.640919308566669,0.1820030511082
2003,6089,6,0.0359106003615501,1,0.640919308566669,0.177279741885996
2004,6089,6,0.126320724877699,1,0.640919308566669,0.215779436862649
2005,6089,6,0.0296782256417742,1,0.640919308566669,0.192571922948268
1994,6095,6,0.587215519268039,0,0.640919308566669,-0.024023609894873
1995,6095,6,0.166581242099333,0,0.640919308566669,-0.00746437683942336
1996,6095,6,0.0227240133901567,1,0.640919308566669,-0.037640087208767
1997,6095,6,0.323253756855923,1,0.640919308566669,0.0344425544874696
1998,6095,6,0.464852606268353,1,0.640919308566669,0.110348092893276
1999,6095,6,0.377490731533516,1,0.640919308566669,0.103761302611812
2000,6095,6,0.20868671524647,1,0.640919308566669,0.216568942548872
2001,6095,6,0.278066882151357,1,0.640919308566669,0.151792853772473
2002,6095,6,0.515730026534872,1,0.640919308566669,0.114492270750308
2003,6095,6,0.0379544461529608,1,0.640919308566669,0.153187436106516
2004,6095,6,0.171089534129152,1,0.640919308566669,0.177459051161693
2005,6095,6,0.171463806220409,1,0.640919308566669,0.212429996408683
1994,6097,6,0.332311378585326,0,0.640919308566669,-0.00773287460377858
1995,6097,6,0.418747908785496,0,0.640919308566669,0.00866613156612228
1996,6097,6,-0.0360420446808973,1,0.640919308566669,-0.0251742415778446
1997,6097,6,0.114581127777971,1,0.640919308566669,0.0526841920650512
1998,6097,6,0.332512777705791,1,0.640919308566669,0.121537140584112
1999,6097,6,0.336532942516252,1,0.640919308566669,0.133209898366742
2000,6097,6,0.162751505870983,1,0.640919308566669,0.237752125357129
2001,6097,6,-0.00137658560382725,1,0.640919308566669,0.123439192318545
2002,6097,6,0.353694025824119,1,0.640919308566669,0.0671070991764502
2003,6097,6,0.0417321175153376,1,0.640919308566669,0.116924554880834
2004,6097,6,0.0866733980303671,1,0.640919308566669,0.158664047959128
2005,6097,6,0.0892749255304661,1,0.640919308566669,0.195563173819552
1994,6099,6,-0.280998623057842,0,0.640919308566669,-0.0104544414567673
1995,6099,6,-0.0358525245251329,0,0.640919308566669,-0.0102926095316898
1996,6099,6,-0.175366416888727,1,0.640919308566669,-0.00682969447360637
1997,6099,6,0.045924103573876,1,0.640919308566669,0.0207088004218861
1998,6099,6,0.15304304298478,1,0.640919308566669,0.0486495050718228
1999,6099,6,0.843378430544084,1,0.640919308566669,0.0395321244643245
2000,6099,6,0.536501650115048,1,0.640919308566669,0.0209219587124263
2001,6099,6,0.417526855778819,1,0.640919308566669,0.081788136038365
2002,6099,6,0.246350622073759,1,0.640919308566669,0.127960601613249
2003,6099,6,0.208055475515248,1,0.640919308566669,0.122910032640088
2004,6099,6,0.495424435423443,1,0.640919308566669,0.174629568303815
2005,6099,6,0.263767765805115,1,0.640919308566669,0.232502849627858
1994,8001,8,0.327764425963071,0,1.60229827141667,0.117386828322127
1995,8001,8,0.152144136564139,0,1.60229827141667,0.0775518956924097
1996,8001,8,0.145138510383607,0,1.60229827141667,0.053413300644908
1997,8001,8,-0.0547487424110944,0,1.60229827141667,0.0582549240015817
1998,8001,8,0.297979818577621,0,1.60229827141667,0.0790127797876039
1999,8001,8,0.163897604192162,0,1.60229827141667,0.113418108299654
2000,8001,8,0.167799763489121,0,1.60229827141667,0.141839805049422
2001,8001,8,0.241066214968644,0,1.60229827141667,0.104088587254095
2002,8001,8,0.126150938228616,0,1.60229827141667,0.0501246424092674
2003,8001,8,0.123895146441566,0,1.60229827141667,0.0369807971823395
2004,8001,8,0.163992020376636,0,1.60229827141667,0.00474667164254594
2005,8001,8,0.0571900112155532,0,1.60229827141667,0.0313143478946945
1994,8005,8,0.247454515549451,0,1.60229827141667,0.111600657872115
1995,8005,8,0.173956447185756,0,1.60229827141667,0.0769769997737742
1996,8005,8,0.185315764327715,0,1.60229827141667,0.0457511718612649
1997,8005,8,0.00855465306749537,0,1.60229827141667,0.0506531933998566
1998,8005,8,0.275842172805245,0,1.60229827141667,0.0745682772917737
1999,8005,8,0.242197068074921,0,1.60229827141667,0.11223338089541
2000,8005,8,0.16290468638798,0,1.60229827141667,0.143901581875033
2001,8005,8,0.00613594577627552,0,1.60229827141667,0.106223868138806
2002,8005,8,-0.0155811681158351,0,1.60229827141667,0.0518288255404542
2003,8005,8,0.0772452457734794,0,1.60229827141667,0.0402692229435013
2004,8005,8,0.288260906439065,0,1.60229827141667,0.00217375151758503
2005,8005,8,-0.0204364943106246,0,1.60229827141667,0.0173476997451996
1994,8013,8,0.098643533008369,0,1.60229827141667,0.184316148918996
1995,8013,8,0.0239362862662595,0,1.60229827141667,0.0804218128099663
1996,8013,8,0.1819690112104,0,1.60229827141667,0.046097646269434
1997,8013,8,0.0655715409160571,0,1.60229827141667,0.066105461813124
1998,8013,8,0.271164744693355,0,1.60229827141667,0.0691340959976632
1999,8013,8,0.243801746589064,0,1.60229827141667,0.107070444128467
2000,8013,8,0.156638740474955,0,1.60229827141667,0.0655442978600958
2001,8013,8,-0.0768186090471108,0,1.60229827141667,0.0190405173023951
2002,8013,8,0.0649170313681093,0,1.60229827141667,0.0551328978620367
2003,8013,8,0.0639379507465563,0,1.60229827141667,-0.00937811122634091
2004,8013,8,0.118017647072449,0,1.60229827141667,0.0243082610273104
2005,8013,8,-0.0380141862390602,0,1.60229827141667,0.0765283205612723
2004,8014,8,,0,1.60229827141667,0.0131763886419245
2005,8014,8,0.118781125313804,0,1.60229827141667,0.0341733418478363
1994,8019,8,0.547345695343608,0,1.60229827141667,0.114968182324196
1995,8019,8,1.07149905325955,0,1.60229827141667,0.0775273004322319
1996,8019,8,1.71895167603207,0,1.60229827141667,0.0537010551578163
1997,8019,8,0.061671820655496,0,1.60229827141667,0.0633443895084671
1998,8019,8,0.465488718570155,0,1.60229827141667,0.0875209677124085
1999,8019,8,0.256580552647081,0,1.60229827141667,0.126074983686578
2000,8019,8,0.186515986826956,0,1.60229827141667,0.16700105265448
2001,8019,8,-0.142002951294193,0,1.60229827141667,0.117026568107096
2002,8019,8,0.215709278751483,0,1.60229827141667,0.0491895685440689
2003,8019,8,0.158579108291475,0,1.60229827141667,0.043380895326453
2004,8019,8,0.182831061230619,0,1.60229827141667,0.0149066612856492
2005,8019,8,0.00486513744103156,0,1.60229827141667,0.0378381023570826
1994,8031,8,0.271494323885666,0,1.60229827141667,0.11713574022628
1995,8031,8,0.0543870300801164,0,1.60229827141667,0.0775436475062623
1996,8031,8,0.21627658913536,0,1.60229827141667,0.0531004590356652
1997,8031,8,0.00313390394355828,0,1.60229827141667,0.0584631056191167
1998,8031,8,0.456908621410335,0,1.60229827141667,0.0801795902604461
1999,8031,8,0.311754350735511,0,1.60229827141667,0.115839959175548
2000,8031,8,0.209546468174558,0,1.60229827141667,0.145593510438689
2001,8031,8,-0.0442740419522245,0,1.60229827141667,0.107743241909704
2002,8031,8,0.134060285472408,0,1.60229827141667,0.0524822766580284
2003,8031,8,0.148838190360797,0,1.60229827141667,0.0366386899880249
2004,8031,8,0.270717729178411,0,1.60229827141667,-0.000377776990482026
2005,8031,8,0.026161030477585,0,1.60229827141667,0.0253225680118687
1994,8035,8,0.291176870747776,0,1.60229827141667,0.116804456339865
1995,8035,8,0.215354933931739,0,1.60229827141667,0.0774637092783106
1996,8035,8,0.318564329189933,0,1.60229827141667,0.0506436793372371
1997,8035,8,0.0244811341647164,0,1.60229827141667,0.0539312647607275
1998,8035,8,0.380889218648925,0,1.60229827141667,0.0743683255879866
1999,8035,8,0.235325282281755,0,1.60229827141667,0.108225190295745
2000,8035,8,0.244193309619897,0,1.60229827141667,0.137105810055558
2001,8035,8,0.0300947935625295,0,1.60229827141667,0.10694009349374
2002,8035,8,0.00151589730030111,0,1.60229827141667,0.0640278973397557
2003,8035,8,0.0451250116138198,0,1.60229827141667,0.0521439979750076
2004,8035,8,0.291252015806418,0,1.60229827141667,0.0105670868452989
2005,8035,8,0.00695034851235477,0,1.60229827141667,0.0208664021275196
1994,8039,8,0.339203800276453,0,1.60229827141667,0.11769879930997
1995,8039,8,1.7815817928397,0,1.60229827141667,0.0774601349865831
1996,8039,8,0.353035762292887,0,1.60229827141667,0.0585219831223824
1997,8039,8,0.534236731020956,0,1.60229827141667,0.0644281261420829
1998,8039,8,0.0261749518145802,0,1.60229827141667,0.0803820786835452
1999,8039,8,0.415409082053868,0,1.60229827141667,0.10967744630001
2000,8039,8,0.190825688077251,0,1.60229827141667,0.134094304374588
2001,8039,8,-0.0954677696394217,0,1.60229827141667,0.103269245077253
2002,8039,8,-0.15353949171719,0,1.60229827141667,0.0604156660959117
2003,8039,8,0.100712396850421,0,1.60229827141667,0.0461581745996105
2004,8039,8,0.293123759590896,0,1.60229827141667,0.0078511211820862
2005,8039,8,0.000296328492177977,0,1.60229827141667,0.0284270747102093
1994,8041,8,0.0521570779782028,0,1.60229827141667,0.107518756059192
1995,8041,8,0.229444703066143,0,1.60229827141667,0.0873894610006891
1996,8041,8,0.171933319759368,0,1.60229827141667,0.091079446295109
1997,8041,8,0.0725561515850366,0,1.60229827141667,0.0460059959769401
1998,8041,8,0.402240532261406,0,1.60229827141667,0.059943835783745
1999,8041,8,0.0114519319453592,0,1.60229827141667,0.0403599012428266
2000,8041,8,0.186627713472063,0,1.60229827141667,0.0656105804137654
2001,8041,8,0.122511940790464,0,1.60229827141667,0.07699249886514
2002,8041,8,0.0574121695808731,0,1.60229827141667,0.0561631729469942
2003,8041,8,0.0791951858873272,0,1.60229827141667,0.0353949816595307
2004,8041,8,0.20124508959425,0,1.60229827141667,0.0393990278849294
2005,8041,8,0.170827538221737,0,1.60229827141667,0.0821305842159452
1994,8047,8,0.621043886658601,0,1.60229827141667,0.11760856393543
1995,8047,8,1.46920857112545,0,1.60229827141667,0.077470461639809
1996,8047,8,1.50072650804964,0,1.60229827141667,0.0583263699381806
1997,8047,8,0.0920136294611105,0,1.60229827141667,0.0675528920269963
1998,8047,8,0.177279345080896,0,1.60229827141667,0.0879396245083735
1999,8047,8,0.606834859872814,0,1.60229827141667,0.124720449074605
2000,8047,8,-0.0871475184680648,0,1.60229827141667,0.158238484471159
2001,8047,8,0.240913064456555,0,1.60229827141667,0.113450946630643
2002,8047,8,-0.194204930940503,0,1.60229827141667,0.0527606568349075
2003,8047,8,-0.141702493465752,0,1.60229827141667,0.038792777072846
2004,8047,8,0.231421566546812,0,1.60229827141667,-0.00173939202864215
2005,8047,8,-0.212556440420684,0,1.60229827141667,0.0200020440351576
1994,8059,8,0.112159853212324,0,1.60229827141667,0.115248179036107
1995,8059,8,0.0422553751823287,0,1.60229827141667,0.0773104205142756
1996,8059,8,0.130713824329391,0,1.60229827141667,0.0501151165989056
1997,8059,8,0.0242461375979559,0,1.60229827141667,0.0558925487874609
1998,8059,8,0.25172783788687,0,1.60229827141667,0.0797134395214743
1999,8059,8,0.118373370995386,0,1.60229827141667,0.117667885339135
2000,8059,8,0.146114156702092,0,1.60229827141667,0.149467763164356
2001,8059,8,0.108265318816477,0,1.60229827141667,0.110484278210842
2002,8059,8,0.12461822827431,0,1.60229827141667,0.0548520265345092
2003,8059,8,-0.0157629550003797,0,1.60229827141667,0.0396748485786542
2004,8059,8,0.15362717167312,0,1.60229827141667,-0.0031150954910899
2005,8059,8,-0.0186910663723534,0,1.60229827141667,0.0149205135633483
1994,8069,8,0.281054643261315,0,1.60229827141667,0.195057932132404
1995,8069,8,-0.000184597083205063,0,1.60229827141667,0.0873404265946691
1996,8069,8,0.239018138768016,0,1.60229827141667,0.0633330738492663
1997,8069,8,-0.0296094121719772,0,1.60229827141667,0.0578187225793867
1998,8069,8,0.32251098902274,0,1.60229827141667,0.0586094879526327
1999,8069,8,0.12046273334707,0,1.60229827141667,0.0680941186302606
2000,8069,8,0.173212638881843,0,1.60229827141667,0.0491847886788008
2001,8069,8,0.234858116107539,0,1.60229827141667,0.0165235871968346
2002,8069,8,0.291803670271273,0,1.60229827141667,0.0717146709564158
2003,8069,8,-0.0513764208627627,0,1.60229827141667,0.0288040524308455
2004,8069,8,0.14962342403534,0,1.60229827141667,0.0255167019492033
2005,8069,8,0.00783394718160402,0,1.60229827141667,0.0227532781943625
1994,8077,8,0.114789605946679,0,1.60229827141667,0.145015223276197
1995,8077,8,3.10033650747388,0,1.60229827141667,0.100314505872807
1996,8077,8,1.12018276955644,0,1.60229827141667,0.063131827798367
1997,8077,8,0.0807942393374361,0,1.60229827141667,0.0642230683238614
1998,8077,8,0.435680400640821,0,1.60229827141667,0.0657873878070809
1999,8077,8,-0.11258353055973,0,1.60229827141667,0.0512978139155775
2000,8077,8,-0.11376862126761,0,1.60229827141667,0.0158544116621782
2001,8077,8,0.143725672272348,0,1.60229827141667,0.00531353049358696
2002,8077,8,0.362850246596732,0,1.60229827141667,0.0720389627617788
2003,8077,8,0.249667123784949,0,1.60229827141667,0.0562317069339988
2004,8077,8,0.0815724248625536,0,1.60229827141667,0.072690572430238
2005,8077,8,0.115352479861985,0,1.60229827141667,0.0865525754396588
1994,8093,8,-0.0303974771843718,0,1.60229827141667,0.117606947550704
1995,8093,8,2.86396299592287,0,1.60229827141667,0.0775245280535444
1996,8093,8,1.14146039824439,0,1.60229827141667,0.0545613316616427
1997,8093,8,0.302969989463172,0,1.60229827141667,0.0591367776492566
1998,8093,8,0.390964017417366,0,1.60229827141667,0.0787585242663527
1999,8093,8,0.47822117701822,0,1.60229827141667,0.11210105821305
2000,8093,8,-0.0464387605926824,0,1.60229827141667,0.13978699544865
2001,8093,8,0.0772325803802829,0,1.60229827141667,0.104557407556092
2002,8093,8,-0.143630896892255,0,1.60229827141667,0.0535279010093896
2003,8093,8,0.355930056232182,0,1.60229827141667,0.0360412316062133
2004,8093,8,-0.0406888684992133,0,1.60229827141667,-0.00663353468637773
2005,8093,8,-0.0730604749527721,0,1.60229827141667,0.0154558106408089
1994,9001,9,0.233848804419372,0,3.20459654283335,-0.0106446824399438
1995,9001,9,-0.0407292594694155,0,3.20459654283335,-0.00691749939038022
1996,9001,9,0.146914002280013,3,3.20459654283335,-0.00703222159790595
1997,9001,9,0.0536953009646801,3,3.20459654283335,0.0265411757786405
1998,9001,9,0.261830611372885,3,3.20459654283335,0.0471696742489458
1999,9001,9,0.0666337419703851,3,3.20459654283335,0.0420543717917434
2000,9001,9,-0.0704511944552504,3,3.20459654283335,-0.00252336039340406
2001,9001,9,-0.00760797249047407,3,3.20459654283335,0.0110847858552425
2002,9001,9,0.195067742052393,3,3.20459654283335,0.100486585702518
2003,9001,9,0.0477044773094093,3,3.20459654283335,0.104921714017462
2004,9001,9,0.266091554708156,3,3.20459654283335,0.0461935383221652
2005,9001,9,0.0708685044947668,3,3.20459654283335,0.0761988770029003
1994,9003,9,0.133780239405315,0,3.20459654283335,-0.0191149788925467
1995,9003,9,-0.116757987884283,0,3.20459654283335,-0.00332015623116
1996,9003,9,0.0636853271721769,3,3.20459654283335,0.041758694114197
1997,9003,9,-0.0333656407001417,3,3.20459654283335,-0.0122666008628229
1998,9003,9,0.275780950406023,3,3.20459654283335,0.0276704742424565
1999,9003,9,0.243932803869511,3,3.20459654283335,0.0508255431303155
2000,9003,9,-0.109649572492838,3,3.20459654283335,0.0619270802169076
2001,9003,9,0.0175687364462274,3,3.20459654283335,0.0204907949975315
2002,9003,9,0.232505177956973,3,3.20459654283335,0.0762525919756101
2003,9003,9,0.0567735508777787,3,3.20459654283335,0.132653601213308
2004,9003,9,0.157883399466101,3,3.20459654283335,0.110552257723509
2005,9003,9,0.0413989743957437,3,3.20459654283335,0.0958749150451386
1994,9007,9,0.365862428865828,0,3.20459654283335,-0.0112031913609396
1995,9007,9,-0.0541322200181167,0,3.20459654283335,0.00459506579313906
1996,9007,9,0.0431991160731364,3,3.20459654283335,0.0491997959018091
1997,9007,9,-0.0956890570178466,3,3.20459654283335,-0.00552110265902517
1998,9007,9,0.330817339951054,3,3.20459654283335,0.0333972866395831
1999,9007,9,0.250739838577148,3,3.20459654283335,0.055193881144076
2000,9007,9,-0.0505837022031219,3,3.20459654283335,0.0652990498043051
2001,9007,9,0.0958721098760957,3,3.20459654283335,0.0266743301242087
2002,9007,9,0.182429117965686,3,3.20459654283335,0.0853096496350609
2003,9007,9,-0.0474040773241971,3,3.20459654283335,0.13704454000902
2004,9007,9,0.216944689734188,3,3.20459654283335,0.106488011066675
2005,9007,9,-0.0609910949997552,3,3.20459654283335,0.0909117747399124
1994,9009,9,0.17000986347885,0,3.20459654283335,-0.0226718666852266
1995,9009,9,-0.163971685164665,0,3.20459654283335,-0.0358184365015539
1996,9009,9,0.0384935564267792,3,3.20459654283335,-0.0157201093446631
1997,9009,9,-0.0599971051710533,3,3.20459654283335,0.00878888983405091
1998,9009,9,0.279736479963255,3,3.20459654283335,0.024307599989398
1999,9009,9,0.125595912632196,3,3.20459654283335,0.0539904261061901
2000,9009,9,-0.0755221201054397,3,3.20459654283335,0.0400581387329515
2001,9009,9,0.236275279050449,3,3.20459654283335,0.103485154086431
2002,9009,9,0.227434521304291,3,3.20459654283335,0.136589599015142
2003,9009,9,0.101636038650723,3,3.20459654283335,0.156559177155811
2004,9009,9,0.120848249064519,3,3.20459654283335,0.106950078249711
2005,9009,9,0.0380772808172658,3,3.20459654283335,0.0936881226876745
1994,9011,9,0.206811108723279,0,3.20459654283335,-0.025138538070653
1995,9011,9,-0.0079181118008318,0,3.20459654283335,0.00700299963517814
1996,9011,9,0.122211318484679,3,3.20459654283335,-0.000712287013182156
1997,9011,9,-0.0298439376622461,3,3.20459654283335,0.025191324818052
1998,9011,9,0.232251440725074,3,3.20459654283335,0.0280241441348128
1999,9011,9,0.205885092628066,3,3.20459654283335,0.019007374347936
2000,9011,9,-0.0469210008643568,3,3.20459654283335,-0.0251069790123717
2001,9011,9,0.174666931317695,3,3.20459654283335,0.0278214278112721
2002,9011,9,0.13891272739316,3,3.20459654283335,0.140925472984571
2003,9011,9,0.165416962759284,3,3.20459654283335,0.146475571273485
2004,9011,9,0.0813760052387522,3,3.20459654283335,0.126906394968978
2005,9011,9,-0.0963904350923954,3,3.20459654283335,0.10160931557155
1994,9013,9,0.273648792445707,0,3.20459654283335,-0.0149588412776849
1995,9013,9,-0.171872677072312,0,3.20459654283335,0.000894884991218703
1996,9013,9,-0.0493216384876352,3,3.20459654283335,0.0460354201590141
1997,9013,9,0.0605755280761962,3,3.20459654283335,-0.0081487182655966
1998,9013,9,0.404599524126647,3,3.20459654283335,0.0316477336543226
1999,9013,9,0.130005327074393,3,3.20459654283335,0.0544660808825821
2000,9013,9,-0.0387056480205654,3,3.20459654283335,0.0653160731142677
2001,9013,9,-0.0281750369686939,3,3.20459654283335,0.0249167431408592
2002,9013,9,0.219182040761325,3,3.20459654283335,0.0813193269919088
2003,9013,9,0.0280193969172196,3,3.20459654283335,0.134917206021108
2004,9013,9,0.00426828560772208,3,3.20459654283335,0.105428309654047
2005,9013,9,0.0588444613147736,3,3.20459654283335,0.0932222779891836
1994,10001,10,1.49509287077036,0,11.2160878999167,0
1995,10001,10,0.252310241421927,0,11.2160878999167,-0.0154075089697541
1996,10001,10,0.318097903512225,1,11.2160878999167,0.0274726310361624
1997,10001,10,-0.139069326439186,1,11.2160878999167,0.0485045573395881
1998,10001,10,0.0973300979767924,1,11.2160878999167,0.0467846356513331
1999,10001,10,0.211660379622487,1,11.2160878999167,0.0157057898850335
2000,10001,10,0.0698080872889886,1,11.2160878999167,-0.00134254044063109
2001,10001,10,0.0985375927912688,1,11.2160878999167,0.0575258043754294
2002,10001,10,0.339957916330629,1,11.2160878999167,0.124675224317119
2003,10001,10,0.128198805958386,1,11.2160878999167,0.0924011665481101
2004,10001,10,0.43449309001959,1,11.2160878999167,0.159755039929772
2005,10001,10,0.377391836294445,1,11.2160878999167,0.187095573940451
1994,10003,10,0.213566479946794,0,11.2160878999167,-0.00172803242694286
1995,10003,10,-0.0412674429198194,0,11.2160878999167,-0.0155208751905747
1996,10003,10,0.195852390116425,1,11.2160878999167,0.0351749525824747
1997,10003,10,0.051948962409071,1,11.2160878999167,0.0487786456225017
1998,10003,10,0.122838992296186,1,11.2160878999167,0.0606516895527216
1999,10003,10,0.163215431127519,1,11.2160878999167,0.0194264864612279
2000,10003,10,0.049700991632232,1,11.2160878999167,0.0387126980627004
2001,10003,10,0.074900839724581,1,11.2160878999167,0.0682367465765559
2002,10003,10,0.26326513316584,1,11.2160878999167,0.0830218043329714
2003,10003,10,0.109948723006106,1,11.2160878999167,0.0902644401882817
2004,10003,10,0.137866705000265,1,11.2160878999167,0.0987082315414956
2005,10003,10,0.236079421646721,1,11.2160878999167,0.0887675746836703
